id	text	HS	TR	AG
10	@ian_delaCalva @IrantzuVarela @pikaramagazine Oye por qué no molestas a tu puta madre?	0	0	0
15	NINGUNA MUJER ES 'PUTA' ❗❗❗ https://t.co/cV0CQM5RIg	0	0	0
17	Editar, además de complicado, es lo que hace de algo que merezca la pena o no, porque puedes haber grabado la puta hostia de planos, que si no los montas bien, con un sentido y los maquillas atractivamente, se va a la mierda.	0	0	0
18	Bien joder una puta alegría!! Te lo mereces pequeña #OTGala9	0	0	0
20	Todo política... no se levanta la sesión y estos hijos de puta mandan a los peones que están en la plaza y provocar violencia... 15 policías heridos pero no pasa nada... si esos que están ahí son el pueblo... DIOS MIO el pueblo es mi vieja que se rompe el lomo laburando no ellos.	0	0	0
21	Casuso callate de una puta vez https://t.co/tWmjW1UFMM	0	0	0
24	@BedMM @NayBetania Tú eres la culpable, perra >:v	1	1	1
25	Yo no puedo creer que las propias mujeres naturalicen una violación o acoso y lo justifiquen con que la mujer es la que “provoca”. Que mente de mierda la puta madre	0	0	0
29	@DalasReview @jk_rowling Hijo de puta muerete asqueroso no te mereces esa mierda	0	0	0
30	@Wachit0 @100Akshat @_Midoriyaa_ @NeohSJ La idea está la polla con cebolla pero obviamente no todos van a entrar por desconfianza, pero entrarán los que quieran ir y tengan confianza	0	0	0
38	Dos amigos hablando: -Raúl, q me das por mi mujer? -Nada -Trato hecho.	1	0	0
43	— Yo soy respetuoso con los demás, sólamente les recuerdo lo que son. Y si son escoria no es culpa mía. ... — ¡Claro que lo sé! ¿¡Por quién me tomas!?	0	0	0
44	+¿Es que solo sabes subir historias de tu perra? -¿Es que hay algo más que merezca la pena?	0	0	0
55	¿Estás en contra de Erdogan? Pues te ponemos una foto con una polla en la cara y manipulamos el titular. https://t.co/qbG04sMOsv	0	0	0
57	En que se parece una mujer a un cientifico? En que al cientifico le pasan cosas por la cabeza, y a la mujer le pasan cabezas por la cosa	1	0	0
61	@vanessagirona @KRLS @mossos Vienes a las mías..., 'políticos' no España, con Franco eso no pasaba teníais lo que queríais, todos por igual, el fanatismo por la independencia llegó después con atontaos a los que votamos, yo soy de c's por innovar no por o	0	0	0
62	@Reforma @aurelionuno No seas hijo de puta Nuño según tu eres representante de la educación puto viejo chismoso chupate mi verga.....	0	0	0
66	@Barbijaputa Por culpa de los petardos tengo unos amigos locos por encontrar a su perrita. Se les escapó y salió huyendo por el ruido. https://t.co/pw4b7kWwoc	0	0	0
67	DIPUTADOS.HIJOS DE PUTA Q. VAN A PROVOCAR A LOS GENDARMES . QUIENES SON ?? KMAXIMO DEL CAÑO MORO BREGMAN CUANDO LUCHARON ×LOS JUBILADOS??	0	0	0
74	@Guru_socket @joaquinbarucco La mejor forma de dormirte es pegarte un cachetazo, en la cara dormido... (Pensala) 😠 🙆...	0	0	0
85	@Relatofeminista Hemos empezado de puta madre, si seguimos este paso llegaremos a las cuevas antes de que rajoy diga la próxima gilipollez	0	0	0
87	Ains... ya no queda buen machismo como el de antes...	1	0	0
88	@OneforAllDeku_ @xkingxexplosion ¡Tú no me das ordenes imbécil voy a destruirle la polla a ese maldito subnormal y voy hacer las cosas a mi maldita manera! ¡Apártate parásito!	0	0	0
90	Jajajajaja le tengo que enseñar eso a mi perra😂 https://t.co/rlTRFU3Dx0	0	0	0
96	@OrgMujeresCI Estoy de acuerdo, pero no sé puede minimizar o relativizar la violación o el acoso sexual. Sea de rocas y famosas o no	0	0	0
98	@anaisbernal Pásalo muy bien,te lo mereces 😘😘	0	0	0
100	@erreleny @Fel_blan Buena descripción, aunque se te ha olvidado decir la puta moralina. Todos tienen que ENSEÑARTE y EDUCARTE con su puta moralina de los cojones. Es una serie muy milenial.	0	0	0
101	Esa gente insultando y condenando al asesino de Diana Quer pero que luego le quitan importancia al acoso, violación y maltrato a la mujer...	0	0	0
103	@Maridolvers Perra te lo merecías! 😎	1	1	1
104	Qué es un partido doble mixto de tenis? Un single de hombres con obstáculos.	1	0	0
105	@Milenio Cállate rata asquerosa priísta de toda tu perra vida. No te cansas de robar. Pudrete hijo de tu puta madre.	0	0	0
108	Que es una Mujer embarazada de dos nenas y un varon? Un kit de limpieza con instrucciones.	1	0	0
109	¿Cuál es la peor desgracia para una mujer? Parir un varón, porque después de tener un cerebro dentro durante 9 meses, van y se lo sacan.	1	0	0
115	¿Porque se dice que la cerveza tiene hormonas femeninas? Porque cuando la bebes conduces mal, dices tonterias y nadie te hace caso.	1	0	0
119	@BeeluArzola callate puta mal parida perra re culia inconciente callada deberias estar maldita	1	1	1
120	@erices16_ Cállate vos wacha trola deja de confundir las hormonas puta	1	1	1
121	YA CALLATE PUTA PERRA ME TIENES CANSADO CON TUS PENDEJADAS	1	1	1
124	Te odio Lidia, no te mereces a Francisco, #perra #LasChicasDelCable2	1	1	1
125	@GustavoOrozcoH No le enseñaron modales a esa antifujimorista perra mermelera del foro de sao paulodebretch?esta ofendiendo a millones de votantes	1	0	1
126	@gonzozaqw @_piturros tu callate un mes perra	1	1	1
128	Te voy a enseñar lo que es una perra, PERRA.	1	1	1
130	Gracias Twitter por enseñarme que el truco para ser famosa es estar bien buena y ser bien puta	1	0	0
136	@abc_es @HiginiaRoig Ya está la niña del exorcista diciendo tonterías. Has visto lo que a hecho la guarra de tú hija.	1	1	1
139	@Laura99CM Ahora que me has faltado el respeto te lo puedo decir por fin: ¡A fregar puta!	1	1	1
215	@xVolkovaVera Que guarra. Búscate ya un mozo.	1	0	1
251	Lisa agradece que tenes un dueño con corazón porque te mereces que te ahorque perra hdp😡	1	1	1
252	@SoyDas117 @LuckasDroiidYT1 @BrandonGaming6 @LlinxaYT Y tu eres mi esposa ve a la cocina zorra >:v	1	1	1
364	'¿La mitad de sueldo por ser mujer?' http://t.co/HXOVOaiOuj Así es, porque aguantarlas cuesta el doble. #TomaDosTazas	1	0	0
399	¿Por qué una mujer no puede ser guapa e inteligente? Porque sería un hombre.	1	0	0
957	-Veis chicas? Nunca hay que tener piedad con estas putas. Hay que educarlas en todo momento y enseñarles para lo que sirven: para nuestra diversión. Le voy a reventar su culo de puta mientras te lo come, y por su bien, espero que se esfuerce o no podrá se	1	1	0
