id	text	HS	TR	AG
10	RT @vaintshit:  shut the fuck up and come suck my dick "	1	1	1
12	@ArianasBotch Ok if you fucking said leave block me. But dm me first I'm gonna kick your ass. Shut the fuck up you https://t.co/6BXkfxMEf9	1	1	1
36	@CyV_SW Wow mo cock got hard. Want to pull your panties down, push you against these door and let you feel my cock deep in your wet puss 😈	1	1	1
53	Ill kill the bitch (chloe) when your not home — Idgaf if you’re kidding bitch I’ll report your ass ... https://t.co/GlBx3SroY0	1	1	1
76	...............................'I get to rape beautiful women and that's why I like working on this project.'	1	0	1
100	Ovide Mercredi to Paul Schabas, 'Char's a squaw. I attack Indigenous women all the time. No one will notice if you rape her! Rape her!'	1	0	1
138	lol, chop her head off and rape the bitch https://t.co/ZB8CosmSD8	1	1	1
145	@HausOfRo I love your ass bitch https://t.co/zvehim1Ts7	1	1	0
146	@husska89 go rape your whore of a mother	1	1	1
164	If she lets you put your penis in her vagina with no strings attached, have the common decency to treat her like a queen on her bday	1	0	0
197	WOW can't believe all these women riding the subway today? Shouldn't these bitches be making sandwiches LOL #ihatefemales..	1	0	0
210	@DaniellaMicaela YOU FVCKING CUNT BITCH!!! APOLOGIZE! @CNN @cnnbrk @CNNPolitics	1	1	0
216	@MSaveryWhiteway @MoiraSSnews @HPEschools Fucking cunt where's my belt bitch suck my dick and make me cum on your mouth	1	0	1
389	#YesAllWomen should stay in the kitchen	1	0	0
1009	@Corter_back no I said hope. I hope you women learn your place! #SitDownInTheKitchen	1	0	0
1016	@femfreq Y'know, you'd probably get a job at Subway because all a cunt like you is good for is making sandwiches	1	0	0
1025	@melstreett don't worry about it and go make me a sandwich woman. #WomenSuck	1	0	0
1026	@PennyRed @TIME This is not rape culture for fucks sake. It’s literally just a scumbag taking advantage of their position. Nothing new under the sun.	1	0	0
1278	I FUCKING TOLD YOU SKANK WHORE SLUTS LISTEN TO MS SERIOUSLY https://t.co/HB12As7Ttr	1	1	0
1456	@JonRiley7 Some women are aggressive, promiscuous whores, but all women must try harder not to make men feel uncomf… https://t.co/DTioxr1ZmO	1	0	0
1546	@lexxynichelle So this bitch blocked me but check her pinned tweet out, she is accusing men of rape on tumblr with… https://t.co/bX0V5V7kQU	1	1	0
1569	This isn't rape, or anything like it. This a crude pass. This is not 'rape culture.' IT'S WHORE CULTURE. https://t.co/lRIK86iLUx	1	0	0
1631	Stop tweeting about football. You're a girl and you opinion doesn't count.  #WomenSuck	1	0	0
1723	rape is bad but alota hoes be lying bout that shit women are crazy dawg & will fuck ya life up be careful..	1	0	0
1741	@EmmaSlutWatson oh you dirty bitch me and my friends are going to fuck all your holes till you can't take no more… https://t.co/zx8MJn5oJb	1	1	1
1798	My sister it's #NoBraDay to raise cancer awareness not for you to hoe 😅	0	0	0
1799	I love my religious brothers and sisters, but @realDonaldTrump, FUCK YOU, YOU'RE NOT EVEN A REAL THEOCRAT YOU FAT USLESS BITCH.	0	0	0
1800	@HanSimpkin Wait till you've got gin tomorrow you won't have it then cock	0	0	0
1801	There's interesting insight to uncover and understand if you want to go down that rabbit hole.	0	0	0
1802	@chiefrepublic1 @TandtheB LOL... they didn't applaud a rape threat.. .how long are you going to ride that shit?	0	0	0
1803	Hey ladies and men, rape, and sexual assault, etc of any sort is not acceptable in society. For those of you who commit these acts, pls die.	0	0	0
1804	We don't know about you , k.inne bare fan ho ap bh cricket k. @fahadmustafa26 @rummanraees15 @realshoaibmalik @babarazam258 https://t.co/2S7e4deOcn	0	0	0
1805	@scottygb PS: so happy we kicked your ass off the continent in 1776. Can't imagine living in a socialist rat hole emulating 1984.	0	0	0
1806	@realDonaldTrump Dont you mean killing Americans. You lowlife piece of garbage i hope you rot in hell you son of a bitch	0	0	0
1807	@realDonaldTrump Trump, the only thing you worship is Putin’s dick and money.	0	0	0
1808	how small a cock do you have to have to park sideways in the Tesco car park?? Flexing your Ford Focus lol	0	0	0
1809	@TMZ I don't want to blame the victim but this makes it difficult. Are you a ho just lookin for money or are you a victim looking for justice?	0	0	0
1810	@MrStephenHowson you had a great chance to show everyone that you’re not a cunt on tv tonight and you fucked it up.	0	0	0
1811	@sugayiffer Buy more RAM, girl :P	0	0	0
1812	@glaiveXD WHERE THE FUCK AM I U STUPID CUNT	0	0	0
1813	PLAY MUSICAL CARS ALL YOU WANT...IM LIKE YOU...GOTTA KILL ME TO MAKE ME STOP...YOU HAVE NO DICK https://t.co/Qb7nO1HjuI	0	0	0
1814	@LiamSeaward8 @_KramerPeter Bitch you don't talk about my fucking kids. My fucking kids eat better meals than you'll ever eat in your life, you see that?	0	0	0
1815	@PrideofGypsies a bunch of people who can’t separate a character you play, from the real world, are moaning that you “glamourise rape”, ugh!	0	0	0
1816	@realDonaldTrump You are a dumb cunt twit! When people start dying you should be tried for murder you asshole	0	0	0
1817	If you're fearful to go down rabbit hole, then those who spread oppression, have you right where they want you- 100% controlled. - #Cagsil	0	0	0
1818	Silent about harassment? NOPE. Silent about sexual assault? NOPE. Silent about rape? FUCK NO. You can't shut me up on a GOOD day.	0	0	0
1819	@TheMelissaMilf U should be sucking and gagging on my cock Melissa and me Fucking that hot Booty and stunning sweet Pussy tonight Love 😚😚😚	0	0	0
1820	@meanwhile_0 eats entire bags of dicks. Like, seriously. I've seen him eat an entire bag of disembodied cocks. He's a ravenous cunt m8	0	0	0
1821	@_phriss Dick????😭😭.. Are you seriois now 😒	0	0	0
1822	Someone asks you to catch a rare fish with like two days left in the season and it's like dude can you not be such a dick	0	0	0
